"","province","district","crops","crop_share"
"1","Central","Chibombo","cassava",0.166666666666667
"2","Central","Chibombo","cotton",0.833333333333333
"3","Central","Chibombo","groundnuts",1
"4","Central","Chibombo","maize",1
"5","Central","Chibombo","other",0.333333333333333
"6","Central","Chibombo","sorghum",0.5
"7","Central","Chibombo","soya_beans",1
"8","Central","Chibombo","sunflower",0.833333333333333
"9","Central","Chibombo","sweet_potato",0.5
"10","Central","Chisamba","cassava",0.166666666666667
"11","Central","Chisamba","cotton",0.166666666666667
"12","Central","Chisamba","groundnuts",1
"13","Central","Chisamba","maize",1
"14","Central","Chisamba","other",1
"15","Central","Chisamba","soya_beans",0.833333333333333
"16","Central","Chisamba","sunflower",0.833333333333333
"17","Central","Chisamba","sweet_potato",1
"18","Central","Chitambo","cassava",1
"19","Central","Chitambo","groundnuts",1
"20","Central","Chitambo","maize",1
"21","Central","Chitambo","millet",0.833333333333333
"22","Central","Chitambo","pigeon_peas",0.333333333333333
"23","Central","Chitambo","sorghum",0.833333333333333
"24","Central","Chitambo","soya_beans",0.833333333333333
"25","Central","Chitambo","sunflower",0.166666666666667
"26","Central","Chitambo","sweet_potato",1
"27","Central","Itezhi-tezhi","cassava",0.833333333333333
"28","Central","Itezhi-tezhi","cotton",1
"29","Central","Itezhi-tezhi","groundnuts",1
"30","Central","Itezhi-tezhi","maize",1
"31","Central","Itezhi-tezhi","millet",0.333333333333333
"32","Central","Itezhi-tezhi","other",0.5
"33","Central","Itezhi-tezhi","pigeon_peas",0.166666666666667
"34","Central","Itezhi-tezhi","sorghum",0.333333333333333
"35","Central","Itezhi-tezhi","soya_beans",1
"36","Central","Itezhi-tezhi","sunflower",1
"37","Central","Itezhi-tezhi","sweet_potato",1
"38","Central","Kabwe","cassava",0.166666666666667
"39","Central","Kabwe","groundnuts",1
"40","Central","Kabwe","maize",1
"41","Central","Kabwe","other",0.833333333333333
"42","Central","Kabwe","sorghum",0.166666666666667
"43","Central","Kabwe","soya_beans",1
"44","Central","Kabwe","sunflower",0.5
"45","Central","Kabwe","sweet_potato",0.833333333333333
"46","Central","Kabwe","wheat",0.166666666666667
"47","Central","Kapiri Mposhi","cassava",0.5
"48","Central","Kapiri Mposhi","cotton",0.75
"49","Central","Kapiri Mposhi","groundnuts",1
"50","Central","Kapiri Mposhi","maize",1
"51","Central","Kapiri Mposhi","other",0.25
"52","Central","Kapiri Mposhi","sorghum",0.25
"53","Central","Kapiri Mposhi","soya_beans",1
"54","Central","Kapiri Mposhi","sunflower",0.75
"55","Central","Kapiri Mposhi","sweet_potato",0.75
"56","Central","Luano","cotton",0.333333333333333
"57","Central","Luano","groundnuts",1
"58","Central","Luano","maize",1
"59","Central","Luano","millet",0.333333333333333
"60","Central","Luano","pigeon_peas",0.5
"61","Central","Luano","sorghum",0.666666666666667
"62","Central","Luano","soya_beans",1
"63","Central","Luano","sunflower",0.666666666666667
"64","Central","Luano","sweet_potato",1
"65","Central","Mkushi","cassava",0.833333333333333
"66","Central","Mkushi","cotton",0.166666666666667
"67","Central","Mkushi","groundnuts",1
"68","Central","Mkushi","maize",1
"69","Central","Mkushi","millet",0.666666666666667
"70","Central","Mkushi","other",0.5
"71","Central","Mkushi","pigeon_peas",0.166666666666667
"72","Central","Mkushi","sorghum",0.666666666666667
"73","Central","Mkushi","soya_beans",1
"74","Central","Mkushi","sunflower",0.5
"75","Central","Mkushi","sweet_potato",1
"76","Central","Mkushi","wheat",0.166666666666667
"77","Central","Mumbwa","cotton",0.666666666666667
"78","Central","Mumbwa","groundnuts",0.666666666666667
"79","Central","Mumbwa","maize",1
"80","Central","Mumbwa","other",0.166666666666667
"81","Central","Mumbwa","soya_beans",0.666666666666667
"82","Central","Mumbwa","sunflower",0.666666666666667
"83","Central","Mumbwa","sweet_potato",0.166666666666667
"84","Central","Ngabwe","cassava",0.5
"85","Central","Ngabwe","cotton",0.25
"86","Central","Ngabwe","groundnuts",1
"87","Central","Ngabwe","maize",1
"88","Central","Ngabwe","other",0.5
"89","Central","Ngabwe","sorghum",0.75
"90","Central","Ngabwe","soya_beans",0.75
"91","Central","Ngabwe","sunflower",0.75
"92","Central","Ngabwe","sweet_potato",0.75
"93","Central","Serenje","cassava",0.833333333333333
"94","Central","Serenje","groundnuts",0.666666666666667
"95","Central","Serenje","maize",1
"96","Central","Serenje","millet",0.5
"97","Central","Serenje","other",0.5
"98","Central","Serenje","sorghum",0.166666666666667
"99","Central","Serenje","soya_beans",1
"100","Central","Serenje","sweet_potato",0.833333333333333
"101","Central","Shibuyunji","cotton",1
"102","Central","Shibuyunji","groundnuts",1
"103","Central","Shibuyunji","maize",1
"104","Central","Shibuyunji","other",0.666666666666667
"105","Central","Shibuyunji","soya_beans",0.833333333333333
"106","Central","Shibuyunji","sunflower",1
"107","Central","Shibuyunji","sweet_potato",0.166666666666667
"108","Copperbelt","Chililabombwe","cassava",0.666666666666667
"109","Copperbelt","Chililabombwe","groundnuts",1
"110","Copperbelt","Chililabombwe","maize",1
"111","Copperbelt","Chililabombwe","millet",0.166666666666667
"112","Copperbelt","Chililabombwe","other",0.166666666666667
"113","Copperbelt","Chililabombwe","sorghum",0.5
"114","Copperbelt","Chililabombwe","soya_beans",0.666666666666667
"115","Copperbelt","Chililabombwe","sunflower",0.166666666666667
"116","Copperbelt","Chililabombwe","sweet_potato",0.833333333333333
"117","Copperbelt","Chingola","cassava",0.857142857142857
"118","Copperbelt","Chingola","cotton",0.142857142857143
"119","Copperbelt","Chingola","groundnuts",1
"120","Copperbelt","Chingola","maize",1
"121","Copperbelt","Chingola","millet",0.142857142857143
"122","Copperbelt","Chingola","other",0.714285714285714
"123","Copperbelt","Chingola","pigeon_peas",0.142857142857143
"124","Copperbelt","Chingola","sorghum",0.142857142857143
"125","Copperbelt","Chingola","soya_beans",0.857142857142857
"126","Copperbelt","Chingola","sunflower",0.285714285714286
"127","Copperbelt","Chingola","sweet_potato",0.857142857142857
"128","Copperbelt","Kalulushi","cassava",0.666666666666667
"129","Copperbelt","Kalulushi","groundnuts",1
"130","Copperbelt","Kalulushi","maize",1
"131","Copperbelt","Kalulushi","other",0.833333333333333
"132","Copperbelt","Kalulushi","soya_beans",0.5
"133","Copperbelt","Kalulushi","sunflower",0.166666666666667
"134","Copperbelt","Kalulushi","sweet_potato",1
"135","Copperbelt","Kitwe","cassava",0.833333333333333
"136","Copperbelt","Kitwe","groundnuts",1
"137","Copperbelt","Kitwe","maize",1
"138","Copperbelt","Kitwe","other",0.666666666666667
"139","Copperbelt","Kitwe","sorghum",0.166666666666667
"140","Copperbelt","Kitwe","soya_beans",0.833333333333333
"141","Copperbelt","Kitwe","sweet_potato",1
"142","Copperbelt","Luanshya","cassava",1
"143","Copperbelt","Luanshya","groundnuts",0.833333333333333
"144","Copperbelt","Luanshya","maize",1
"145","Copperbelt","Luanshya","other",0.166666666666667
"146","Copperbelt","Luanshya","sorghum",0.833333333333333
"147","Copperbelt","Luanshya","soya_beans",1
"148","Copperbelt","Luanshya","sunflower",0.166666666666667
"149","Copperbelt","Luanshya","sweet_potato",0.833333333333333
"150","Copperbelt","Lufwanyama","cassava",0.571428571428571
"151","Copperbelt","Lufwanyama","groundnuts",0.857142857142857
"152","Copperbelt","Lufwanyama","maize",1
"153","Copperbelt","Lufwanyama","millet",0.142857142857143
"154","Copperbelt","Lufwanyama","other",0.142857142857143
"155","Copperbelt","Lufwanyama","pigeon_peas",0.142857142857143
"156","Copperbelt","Lufwanyama","sorghum",0.714285714285714
"157","Copperbelt","Lufwanyama","soya_beans",0.857142857142857
"158","Copperbelt","Lufwanyama","sunflower",0.142857142857143
"159","Copperbelt","Lufwanyama","sweet_potato",0.714285714285714
"160","Copperbelt","Masaiti","cassava",0.571428571428571
"161","Copperbelt","Masaiti","groundnuts",1
"162","Copperbelt","Masaiti","maize",1
"163","Copperbelt","Masaiti","pigeon_peas",0.142857142857143
"164","Copperbelt","Masaiti","sorghum",0.571428571428571
"165","Copperbelt","Masaiti","soya_beans",0.714285714285714
"166","Copperbelt","Masaiti","sweet_potato",0.714285714285714
"167","Copperbelt","Mpongwe","cassava",0.166666666666667
"168","Copperbelt","Mpongwe","groundnuts",0.666666666666667
"169","Copperbelt","Mpongwe","maize",1
"170","Copperbelt","Mpongwe","other",0.166666666666667
"171","Copperbelt","Mpongwe","sorghum",0.333333333333333
"172","Copperbelt","Mpongwe","soya_beans",1
"173","Copperbelt","Mpongwe","sunflower",0.166666666666667
"174","Copperbelt","Mpongwe","sweet_potato",0.166666666666667
"175","Copperbelt","Mufulira","cassava",0.666666666666667
"176","Copperbelt","Mufulira","groundnuts",0.833333333333333
"177","Copperbelt","Mufulira","maize",1
"178","Copperbelt","Mufulira","millet",0.166666666666667
"179","Copperbelt","Mufulira","pigeon_peas",0.166666666666667
"180","Copperbelt","Mufulira","sorghum",0.666666666666667
"181","Copperbelt","Mufulira","soya_beans",0.5
"182","Copperbelt","Mufulira","sweet_potato",0.5
"183","Copperbelt","Mufulira","wheat",0.166666666666667
"184","Copperbelt","Ndola","cassava",0.5
"185","Copperbelt","Ndola","groundnuts",1
"186","Copperbelt","Ndola","maize",1
"187","Copperbelt","Ndola","millet",0.166666666666667
"188","Copperbelt","Ndola","sorghum",0.166666666666667
"189","Copperbelt","Ndola","soya_beans",0.833333333333333
"190","Copperbelt","Ndola","sweet_potato",1
"191","Eastern","Chadiza","cassava",0.333333333333333
"192","Eastern","Chadiza","cotton",0.333333333333333
"193","Eastern","Chadiza","groundnuts",1
"194","Eastern","Chadiza","maize",1
"195","Eastern","Chadiza","other",0.666666666666667
"196","Eastern","Chadiza","soya_beans",1
"197","Eastern","Chadiza","sunflower",1
"198","Eastern","Chadiza","sweet_potato",0.666666666666667
"199","Eastern","Chasefu","cassava",0.166666666666667
"200","Eastern","Chasefu","groundnuts",1
"201","Eastern","Chasefu","maize",1
"202","Eastern","Chasefu","soya_beans",1
"203","Eastern","Chasefu","sunflower",1
"204","Eastern","Chasefu","sweet_potato",0.166666666666667
"205","Eastern","Chipangali","barley",0.5
"206","Eastern","Chipangali","cotton",0.333333333333333
"207","Eastern","Chipangali","groundnuts",1
"208","Eastern","Chipangali","maize",1
"209","Eastern","Chipangali","soya_beans",1
"210","Eastern","Chipangali","sunflower",1
"211","Eastern","Chipata","groundnuts",1
"212","Eastern","Chipata","maize",1
"213","Eastern","Chipata","sorghum",0.333333333333333
"214","Eastern","Chipata","soya_beans",1
"215","Eastern","Chipata","sunflower",0.5
"216","Eastern","Kasenengwa","barley",0.166666666666667
"217","Eastern","Kasenengwa","cassava",0.166666666666667
"218","Eastern","Kasenengwa","cotton",0.666666666666667
"219","Eastern","Kasenengwa","groundnuts",1
"220","Eastern","Kasenengwa","maize",1
"221","Eastern","Kasenengwa","other",0.166666666666667
"222","Eastern","Kasenengwa","soya_beans",1
"223","Eastern","Kasenengwa","sunflower",1
"224","Eastern","Kasenengwa","sweet_potato",0.333333333333333
"225","Eastern","Katete","cotton",0.5
"226","Eastern","Katete","groundnuts",1
"227","Eastern","Katete","maize",1
"228","Eastern","Katete","soya_beans",0.833333333333333
"229","Eastern","Katete","sunflower",0.833333333333333
"230","Eastern","Katete","sweet_potato",0.166666666666667
"231","Eastern","Lumezi","cassava",0.4
"232","Eastern","Lumezi","cotton",0.4
"233","Eastern","Lumezi","groundnuts",1
"234","Eastern","Lumezi","maize",1
"235","Eastern","Lumezi","sorghum",0.2
"236","Eastern","Lumezi","soya_beans",1
"237","Eastern","Lumezi","sunflower",1
"238","Eastern","Lumezi","sweet_potato",0.6
"239","Eastern","Lundazi","cassava",0.2
"240","Eastern","Lundazi","groundnuts",1
"241","Eastern","Lundazi","maize",1
"242","Eastern","Lundazi","millet",0.6
"243","Eastern","Lundazi","soya_beans",0.8
"244","Eastern","Lundazi","sunflower",0.8
"245","Eastern","Lundazi","sweet_potato",0.2
"246","Eastern","Lusangazi","cassava",0.333333333333333
"247","Eastern","Lusangazi","cotton",0.5
"248","Eastern","Lusangazi","groundnuts",1
"249","Eastern","Lusangazi","maize",1
"250","Eastern","Lusangazi","other",0.5
"251","Eastern","Lusangazi","sorghum",0.166666666666667
"252","Eastern","Lusangazi","soya_beans",1
"253","Eastern","Lusangazi","sunflower",1
"254","Eastern","Lusangazi","sweet_potato",0.333333333333333
"255","Eastern","Mambwe","cassava",0.5
"256","Eastern","Mambwe","cotton",1
"257","Eastern","Mambwe","groundnuts",1
"258","Eastern","Mambwe","maize",1
"259","Eastern","Mambwe","millet",0.333333333333333
"260","Eastern","Mambwe","other",0.333333333333333
"261","Eastern","Mambwe","pigeon_peas",0.333333333333333
"262","Eastern","Mambwe","sorghum",0.5
"263","Eastern","Mambwe","soya_beans",0.833333333333333
"264","Eastern","Mambwe","sunflower",1
"265","Eastern","Mambwe","sweet_potato",0.5
"266","Eastern","Nyimba","cassava",0.166666666666667
"267","Eastern","Nyimba","cotton",0.5
"268","Eastern","Nyimba","groundnuts",1
"269","Eastern","Nyimba","maize",1
"270","Eastern","Nyimba","other",0.333333333333333
"271","Eastern","Nyimba","sorghum",0.166666666666667
"272","Eastern","Nyimba","soya_beans",0.666666666666667
"273","Eastern","Nyimba","sunflower",0.666666666666667
"274","Eastern","Nyimba","sweet_potato",0.333333333333333
"275","Eastern","Petauke","cassava",0.333333333333333
"276","Eastern","Petauke","cotton",0.333333333333333
"277","Eastern","Petauke","groundnuts",1
"278","Eastern","Petauke","maize",1
"279","Eastern","Petauke","pigeon_peas",0.166666666666667
"280","Eastern","Petauke","soya_beans",0.833333333333333
"281","Eastern","Petauke","sunflower",1
"282","Eastern","Petauke","sweet_potato",0.333333333333333
"283","Eastern","Sinda","cassava",0.666666666666667
"284","Eastern","Sinda","cotton",0.333333333333333
"285","Eastern","Sinda","groundnuts",1
"286","Eastern","Sinda","maize",1
"287","Eastern","Sinda","other",0.833333333333333
"288","Eastern","Sinda","sorghum",0.5
"289","Eastern","Sinda","soya_beans",1
"290","Eastern","Sinda","sunflower",1
"291","Eastern","Sinda","sweet_potato",0.833333333333333
"292","Eastern","Sinda","wheat",0.166666666666667
"293","Eastern","Vubwi","groundnuts",1
"294","Eastern","Vubwi","maize",1
"295","Eastern","Vubwi","other",0.666666666666667
"296","Eastern","Vubwi","soya_beans",1
"297","Eastern","Vubwi","sunflower",1
"298","Eastern","Vubwi","sweet_potato",0.333333333333333
"299","Luapula","Chembe","cassava",1
"300","Luapula","Chembe","groundnuts",1
"301","Luapula","Chembe","maize",1
"302","Luapula","Chembe","other",0.2
"303","Luapula","Chembe","soya_beans",0.2
"304","Luapula","Chembe","sweet_potato",0.4
"305","Luapula","Chfunabuli","cassava",1
"306","Luapula","Chfunabuli","groundnuts",1
"307","Luapula","Chfunabuli","maize",1
"308","Luapula","Chfunabuli","millet",0.166666666666667
"309","Luapula","Chfunabuli","other",0.5
"310","Luapula","Chfunabuli","soya_beans",0.666666666666667
"311","Luapula","Chfunabuli","sweet_potato",1
"312","Luapula","Chiengi","cassava",1
"313","Luapula","Chiengi","groundnuts",1
"314","Luapula","Chiengi","maize",1
"315","Luapula","Chiengi","other",0.166666666666667
"316","Luapula","Chiengi","pigeon_peas",0.166666666666667
"317","Luapula","Chiengi","sorghum",0.833333333333333
"318","Luapula","Chiengi","soya_beans",0.666666666666667
"319","Luapula","Chiengi","sweet_potato",1
"320","Luapula","Chipili","cassava",1
"321","Luapula","Chipili","groundnuts",1
"322","Luapula","Chipili","maize",1
"323","Luapula","Chipili","millet",0.833333333333333
"324","Luapula","Chipili","other",0.5
"325","Luapula","Chipili","pigeon_peas",0.166666666666667
"326","Luapula","Chipili","soya_beans",0.5
"327","Luapula","Chipili","sweet_potato",0.666666666666667
"328","Luapula","Kawambwa","cassava",1
"329","Luapula","Kawambwa","groundnuts",1
"330","Luapula","Kawambwa","maize",1
"331","Luapula","Kawambwa","millet",0.833333333333333
"332","Luapula","Kawambwa","other",0.666666666666667
"333","Luapula","Kawambwa","sweet_potato",0.5
"334","Luapula","Lunga","cassava",1
"335","Luapula","Lunga","maize",0.8
"336","Luapula","Lunga","other",1
"337","Luapula","Lunga","sweet_potato",0.6
"338","Luapula","Mansa","cassava",1
"339","Luapula","Mansa","groundnuts",1
"340","Luapula","Mansa","maize",1
"341","Luapula","Mansa","millet",0.666666666666667
"342","Luapula","Mansa","other",0.5
"343","Luapula","Mansa","sorghum",0.333333333333333
"344","Luapula","Mansa","soya_beans",0.666666666666667
"345","Luapula","Mansa","sweet_potato",1
"346","Luapula","Milenge","cassava",1
"347","Luapula","Milenge","groundnuts",1
"348","Luapula","Milenge","maize",1
"349","Luapula","Milenge","millet",0.666666666666667
"350","Luapula","Milenge","other",0.833333333333333
"351","Luapula","Milenge","sorghum",0.833333333333333
"352","Luapula","Milenge","soya_beans",0.833333333333333
"353","Luapula","Milenge","sweet_potato",1
"354","Luapula","Mwansabombwe","cassava",1
"355","Luapula","Mwansabombwe","groundnuts",1
"356","Luapula","Mwansabombwe","maize",1
"357","Luapula","Mwansabombwe","other",0.6
"358","Luapula","Mwansabombwe","sorghum",0.2
"359","Luapula","Mwansabombwe","soya_beans",0.6
"360","Luapula","Mwansabombwe","sweet_potato",1
"361","Luapula","Mwense","barley",0.2
"362","Luapula","Mwense","cassava",1
"363","Luapula","Mwense","groundnuts",0.8
"364","Luapula","Mwense","maize",1
"365","Luapula","Mwense","other",1
"366","Luapula","Mwense","pigeon_peas",0.2
"367","Luapula","Mwense","sorghum",0.2
"368","Luapula","Mwense","soya_beans",0.6
"369","Luapula","Mwense","sweet_potato",1
"370","Luapula","Nchelenge","cassava",1
"371","Luapula","Nchelenge","groundnuts",1
"372","Luapula","Nchelenge","maize",1
"373","Luapula","Samfya","cassava",1
"374","Luapula","Samfya","groundnuts",1
"375","Luapula","Samfya","maize",1
"376","Luapula","Samfya","millet",0.166666666666667
"377","Luapula","Samfya","other",0.666666666666667
"378","Luapula","Samfya","sorghum",0.333333333333333
"379","Luapula","Samfya","soya_beans",0.333333333333333
"380","Luapula","Samfya","sunflower",0.166666666666667
"381","Luapula","Samfya","sweet_potato",0.833333333333333
"382","Lusaka","Chilanga","cassava",0.166666666666667
"383","Lusaka","Chilanga","cotton",0.166666666666667
"384","Lusaka","Chilanga","groundnuts",0.666666666666667
"385","Lusaka","Chilanga","maize",1
"386","Lusaka","Chilanga","soya_beans",0.333333333333333
"387","Lusaka","Chilanga","sunflower",0.166666666666667
"388","Lusaka","Chilanga","sweet_potato",0.333333333333333
"389","Lusaka","Chirundu","cassava",0.285714285714286
"390","Lusaka","Chirundu","groundnuts",0.428571428571429
"391","Lusaka","Chirundu","maize",1
"392","Lusaka","Chirundu","millet",0.285714285714286
"393","Lusaka","Chirundu","other",0.428571428571429
"394","Lusaka","Chirundu","sorghum",0.571428571428571
"395","Lusaka","Chirundu","soya_beans",0.428571428571429
"396","Lusaka","Chirundu","sunflower",0.142857142857143
"397","Lusaka","Chirundu","sweet_potato",0.428571428571429
"398","Lusaka","Chongwe","groundnuts",1
"399","Lusaka","Chongwe","maize",1
"400","Lusaka","Chongwe","other",0.166666666666667
"401","Lusaka","Chongwe","soya_beans",0.666666666666667
"402","Lusaka","Chongwe","sunflower",0.166666666666667
"403","Lusaka","Chongwe","sweet_potato",1
"404","Lusaka","Kafue","groundnuts",0.833333333333333
"405","Lusaka","Kafue","maize",1
"406","Lusaka","Kafue","sorghum",0.666666666666667
"407","Lusaka","Kafue","soya_beans",1
"408","Lusaka","Kafue","sunflower",0.166666666666667
"409","Lusaka","Kafue","sweet_potato",0.666666666666667
"410","Lusaka","Kafue","wheat",0.166666666666667
"411","Lusaka","Luangwa","cassava",0.333333333333333
"412","Lusaka","Luangwa","cotton",0.166666666666667
"413","Lusaka","Luangwa","groundnuts",1
"414","Lusaka","Luangwa","maize",1
"415","Lusaka","Luangwa","millet",0.333333333333333
"416","Lusaka","Luangwa","other",1
"417","Lusaka","Luangwa","sorghum",1
"418","Lusaka","Luangwa","sunflower",0.166666666666667
"419","Lusaka","Luangwa","sweet_potato",0.333333333333333
"420","Lusaka","Lusaka","cassava",0.5
"421","Lusaka","Lusaka","groundnuts",1
"422","Lusaka","Lusaka","maize",1
"423","Lusaka","Lusaka","other",0.166666666666667
"424","Lusaka","Lusaka","sorghum",0.666666666666667
"425","Lusaka","Lusaka","soya_beans",1
"426","Lusaka","Lusaka","sweet_potato",0.833333333333333
"427","Lusaka","Rufunsa","cassava",0.333333333333333
"428","Lusaka","Rufunsa","groundnuts",1
"429","Lusaka","Rufunsa","maize",1
"430","Lusaka","Rufunsa","sorghum",0.333333333333333
"431","Lusaka","Rufunsa","soya_beans",0.666666666666667
"432","Muchinga","Chama","cassava",1
"433","Muchinga","Chama","cotton",0.666666666666667
"434","Muchinga","Chama","groundnuts",1
"435","Muchinga","Chama","maize",1
"436","Muchinga","Chama","millet",1
"437","Muchinga","Chama","other",0.666666666666667
"438","Muchinga","Chama","pigeon_peas",0.5
"439","Muchinga","Chama","sorghum",0.666666666666667
"440","Muchinga","Chama","soya_beans",0.666666666666667
"441","Muchinga","Chama","sunflower",0.833333333333333
"442","Muchinga","Chama","sweet_potato",1
"443","Muchinga","Chinsali","cassava",1
"444","Muchinga","Chinsali","groundnuts",1
"445","Muchinga","Chinsali","maize",1
"446","Muchinga","Chinsali","millet",0.833333333333333
"447","Muchinga","Chinsali","other",0.833333333333333
"448","Muchinga","Chinsali","sorghum",0.333333333333333
"449","Muchinga","Chinsali","sweet_potato",0.666666666666667
"450","Muchinga","Kanchibiya","cassava",1
"451","Muchinga","Kanchibiya","groundnuts",1
"452","Muchinga","Kanchibiya","maize",1
"453","Muchinga","Kanchibiya","millet",1
"454","Muchinga","Kanchibiya","other",0.5
"455","Muchinga","Kanchibiya","pigeon_peas",0.666666666666667
"456","Muchinga","Kanchibiya","sorghum",0.666666666666667
"457","Muchinga","Kanchibiya","soya_beans",0.833333333333333
"458","Muchinga","Kanchibiya","sweet_potato",1
"459","Muchinga","Lavushimanda","cassava",0.666666666666667
"460","Muchinga","Lavushimanda","groundnuts",1
"461","Muchinga","Lavushimanda","maize",1
"462","Muchinga","Lavushimanda","millet",0.166666666666667
"463","Muchinga","Lavushimanda","other",0.666666666666667
"464","Muchinga","Lavushimanda","pigeon_peas",0.166666666666667
"465","Muchinga","Lavushimanda","sorghum",0.166666666666667
"466","Muchinga","Lavushimanda","soya_beans",0.833333333333333
"467","Muchinga","Lavushimanda","sweet_potato",1
"468","Muchinga","Mafinga","cassava",1
"469","Muchinga","Mafinga","groundnuts",1
"470","Muchinga","Mafinga","maize",1
"471","Muchinga","Mafinga","millet",1
"472","Muchinga","Mafinga","other",1
"473","Muchinga","Mafinga","pigeon_peas",0.166666666666667
"474","Muchinga","Mafinga","sorghum",0.666666666666667
"475","Muchinga","Mafinga","soya_beans",1
"476","Muchinga","Mafinga","sunflower",0.333333333333333
"477","Muchinga","Mafinga","sweet_potato",0.833333333333333
"478","Muchinga","Mafinga","wheat",0.166666666666667
"479","Muchinga","Mpika","cassava",0.5
"480","Muchinga","Mpika","groundnuts",1
"481","Muchinga","Mpika","maize",1
"482","Muchinga","Mpika","millet",0.333333333333333
"483","Muchinga","Mpika","other",0.166666666666667
"484","Muchinga","Mpika","sorghum",0.166666666666667
"485","Muchinga","Mpika","soya_beans",0.833333333333333
"486","Muchinga","Mpika","sunflower",0.333333333333333
"487","Muchinga","Mpika","sweet_potato",0.5
"488","Muchinga","Nakonde","cassava",1
"489","Muchinga","Nakonde","groundnuts",0.6
"490","Muchinga","Nakonde","maize",1
"491","Muchinga","Nakonde","millet",1
"492","Muchinga","Nakonde","other",0.2
"493","Muchinga","Nakonde","sorghum",0.6
"494","Muchinga","Nakonde","soya_beans",0.6
"495","Muchinga","Nakonde","sunflower",0.4
"496","Muchinga","Nakonde","sweet_potato",0.6
"497","Muchinga","Shiwang'andu","barley",0.285714285714286
"498","Muchinga","Shiwang'andu","cassava",0.571428571428571
"499","Muchinga","Shiwang'andu","groundnuts",1
"500","Muchinga","Shiwang'andu","maize",1
"501","Muchinga","Shiwang'andu","millet",0.571428571428571
"502","Muchinga","Shiwang'andu","other",0.142857142857143
"503","Muchinga","Shiwang'andu","sorghum",0.571428571428571
"504","Muchinga","Shiwang'andu","soya_beans",0.714285714285714
"505","Muchinga","Shiwang'andu","sunflower",0.142857142857143
"506","Muchinga","Shiwang'andu","sweet_potato",0.285714285714286
"507","North-Western","Chavuma","cassava",1
"508","North-Western","Chavuma","groundnuts",0.333333333333333
"509","North-Western","Chavuma","maize",1
"510","North-Western","Chavuma","other",1
"511","North-Western","Chavuma","sorghum",0.166666666666667
"512","North-Western","Ikelengi","cassava",1
"513","North-Western","Ikelengi","groundnuts",0.5
"514","North-Western","Ikelengi","maize",1
"515","North-Western","Ikelengi","other",1
"516","North-Western","Kabompo","cassava",0.833333333333333
"517","North-Western","Kabompo","groundnuts",0.833333333333333
"518","North-Western","Kabompo","maize",1
"519","North-Western","Kabompo","other",0.166666666666667
"520","North-Western","Kabompo","sweet_potato",0.166666666666667
"521","North-Western","Kalumbila","cassava",1
"522","North-Western","Kalumbila","groundnuts",0.833333333333333
"523","North-Western","Kalumbila","maize",1
"524","North-Western","Kalumbila","millet",0.666666666666667
"525","North-Western","Kalumbila","sorghum",0.166666666666667
"526","North-Western","Kalumbila","soya_beans",0.833333333333333
"527","North-Western","Kalumbila","sweet_potato",1
"528","North-Western","Kalumbila","wheat",0.166666666666667
"529","North-Western","Kasempa","cassava",0.5
"530","North-Western","Kasempa","groundnuts",0.833333333333333
"531","North-Western","Kasempa","maize",1
"532","North-Western","Kasempa","millet",0.333333333333333
"533","North-Western","Kasempa","other",0.166666666666667
"534","North-Western","Kasempa","sorghum",1
"535","North-Western","Kasempa","soya_beans",0.833333333333333
"536","North-Western","Kasempa","sweet_potato",1
"537","North-Western","Manyinga","cassava",1
"538","North-Western","Manyinga","groundnuts",0.75
"539","North-Western","Manyinga","maize",1
"540","North-Western","Manyinga","millet",0.25
"541","North-Western","Manyinga","sorghum",0.75
"542","North-Western","Manyinga","soya_beans",1
"543","North-Western","Manyinga","sweet_potato",0.5
"544","North-Western","Mufumbwe","cassava",1
"545","North-Western","Mufumbwe","groundnuts",1
"546","North-Western","Mufumbwe","maize",1
"547","North-Western","Mufumbwe","sorghum",0.333333333333333
"548","North-Western","Mufumbwe","soya_beans",1
"549","North-Western","Mufumbwe","sunflower",0.166666666666667
"550","North-Western","Mufumbwe","sweet_potato",1
"551","North-Western","Mushindamo","cassava",0.833333333333333
"552","North-Western","Mushindamo","groundnuts",0.833333333333333
"553","North-Western","Mushindamo","maize",1
"554","North-Western","Mushindamo","millet",0.666666666666667
"555","North-Western","Mushindamo","other",0.166666666666667
"556","North-Western","Mushindamo","sorghum",0.666666666666667
"557","North-Western","Mushindamo","soya_beans",0.833333333333333
"558","North-Western","Mushindamo","sweet_potato",0.833333333333333
"559","North-Western","Mwinilunga","cassava",1
"560","North-Western","Mwinilunga","groundnuts",1
"561","North-Western","Mwinilunga","maize",1
"562","North-Western","Mwinilunga","millet",0.5
"563","North-Western","Mwinilunga","other",1
"564","North-Western","Mwinilunga","sorghum",0.166666666666667
"565","North-Western","Mwinilunga","soya_beans",0.166666666666667
"566","North-Western","Mwinilunga","sweet_potato",0.666666666666667
"567","North-Western","Solwezi","cassava",0.833333333333333
"568","North-Western","Solwezi","groundnuts",0.833333333333333
"569","North-Western","Solwezi","maize",1
"570","North-Western","Solwezi","millet",0.333333333333333
"571","North-Western","Solwezi","other",0.5
"572","North-Western","Solwezi","sorghum",0.666666666666667
"573","North-Western","Solwezi","soya_beans",0.833333333333333
"574","North-Western","Solwezi","sweet_potato",0.833333333333333
"575","North-Western","Zambezi","cassava",1
"576","North-Western","Zambezi","cotton",0.142857142857143
"577","North-Western","Zambezi","groundnuts",0.571428571428571
"578","North-Western","Zambezi","maize",1
"579","North-Western","Zambezi","millet",0.142857142857143
"580","North-Western","Zambezi","other",0.571428571428571
"581","North-Western","Zambezi","sorghum",0.142857142857143
"582","North-Western","Zambezi","sweet_potato",0.428571428571429
"583","Northern","Chilubi","cassava",1
"584","Northern","Chilubi","groundnuts",0.666666666666667
"585","Northern","Chilubi","maize",1
"586","Northern","Chilubi","other",0.833333333333333
"587","Northern","Chilubi","sorghum",0.166666666666667
"588","Northern","Chilubi","sweet_potato",0.666666666666667
"589","Northern","Kaputa","cassava",1
"590","Northern","Kaputa","groundnuts",1
"591","Northern","Kaputa","maize",1
"592","Northern","Kaputa","millet",0.666666666666667
"593","Northern","Kaputa","soya_beans",0.666666666666667
"594","Northern","Kaputa","sweet_potato",0.833333333333333
"595","Northern","Kasama","cassava",1
"596","Northern","Kasama","groundnuts",1
"597","Northern","Kasama","maize",1
"598","Northern","Kasama","millet",1
"599","Northern","Kasama","other",0.666666666666667
"600","Northern","Kasama","pigeon_peas",0.166666666666667
"601","Northern","Kasama","sorghum",0.666666666666667
"602","Northern","Kasama","soya_beans",1
"603","Northern","Kasama","sunflower",0.5
"604","Northern","Kasama","sweet_potato",1
"605","Northern","Lunte","cassava",1
"606","Northern","Lunte","groundnuts",1
"607","Northern","Lunte","maize",1
"608","Northern","Lunte","millet",1
"609","Northern","Lunte","sorghum",1
"610","Northern","Lunte","soya_beans",1
"611","Northern","Lunte","sweet_potato",1
"612","Northern","Lupososhi","cassava",1
"613","Northern","Lupososhi","cotton",0.166666666666667
"614","Northern","Lupososhi","groundnuts",1
"615","Northern","Lupososhi","maize",1
"616","Northern","Lupososhi","millet",0.666666666666667
"617","Northern","Lupososhi","other",0.5
"618","Northern","Lupososhi","sorghum",0.333333333333333
"619","Northern","Lupososhi","soya_beans",0.666666666666667
"620","Northern","Lupososhi","sweet_potato",0.666666666666667
"621","Northern","Luwingu","cassava",1
"622","Northern","Luwingu","groundnuts",1
"623","Northern","Luwingu","maize",1
"624","Northern","Luwingu","millet",1
"625","Northern","Luwingu","other",1
"626","Northern","Luwingu","soya_beans",0.5
"627","Northern","Luwingu","sweet_potato",0.666666666666667
"628","Northern","Mbala","cassava",0.4
"629","Northern","Mbala","groundnuts",1
"630","Northern","Mbala","maize",1
"631","Northern","Mbala","other",0.2
"632","Northern","Mbala","sorghum",0.4
"633","Northern","Mbala","soya_beans",1
"634","Northern","Mporokoso","cassava",1
"635","Northern","Mporokoso","groundnuts",1
"636","Northern","Mporokoso","maize",1
"637","Northern","Mporokoso","millet",1
"638","Northern","Mporokoso","other",0.5
"639","Northern","Mporokoso","pigeon_peas",0.166666666666667
"640","Northern","Mporokoso","sorghum",0.833333333333333
"641","Northern","Mporokoso","soya_beans",1
"642","Northern","Mporokoso","sunflower",0.166666666666667
"643","Northern","Mporokoso","sweet_potato",0.833333333333333
"644","Northern","Mpulungu","cassava",1
"645","Northern","Mpulungu","groundnuts",0.833333333333333
"646","Northern","Mpulungu","maize",1
"647","Northern","Mpulungu","millet",0.5
"648","Northern","Mpulungu","other",0.333333333333333
"649","Northern","Mpulungu","pigeon_peas",0.166666666666667
"650","Northern","Mpulungu","sorghum",0.5
"651","Northern","Mpulungu","soya_beans",0.333333333333333
"652","Northern","Mpulungu","sunflower",0.166666666666667
"653","Northern","Mpulungu","sweet_potato",0.833333333333333
"654","Northern","Mungwi","cassava",1
"655","Northern","Mungwi","groundnuts",1
"656","Northern","Mungwi","maize",1
"657","Northern","Mungwi","millet",0.833333333333333
"658","Northern","Mungwi","other",0.333333333333333
"659","Northern","Mungwi","sorghum",0.166666666666667
"660","Northern","Mungwi","soya_beans",0.833333333333333
"661","Northern","Mungwi","sweet_potato",0.666666666666667
"662","Northern","Nsama","cassava",1
"663","Northern","Nsama","maize",1
"664","Northern","Nsama","millet",0.833333333333333
"665","Northern","Nsama","other",1
"666","Northern","Nsama","sorghum",0.166666666666667
"667","Northern","Nsama","soya_beans",0.666666666666667
"668","Northern","Nsama","sweet_potato",0.166666666666667
"669","Northern","Senga Hill","cassava",0.833333333333333
"670","Northern","Senga Hill","groundnuts",0.5
"671","Northern","Senga Hill","maize",1
"672","Northern","Senga Hill","millet",0.833333333333333
"673","Northern","Senga Hill","other",1
"674","Northern","Senga Hill","soya_beans",0.166666666666667
"675","Southern","Chikankanta","cotton",0.166666666666667
"676","Southern","Chikankanta","groundnuts",1
"677","Southern","Chikankanta","maize",1
"678","Southern","Chikankanta","sorghum",0.333333333333333
"679","Southern","Chikankanta","soya_beans",1
"680","Southern","Chikankanta","sunflower",0.833333333333333
"681","Southern","Chikankanta","sweet_potato",1
"682","Southern","Choma","groundnuts",0.333333333333333
"683","Southern","Choma","maize",1
"684","Southern","Choma","other",0.5
"685","Southern","Choma","sunflower",1
"686","Southern","Choma","sweet_potato",0.166666666666667
"687","Southern","Gwembe","cotton",1
"688","Southern","Gwembe","groundnuts",1
"689","Southern","Gwembe","maize",1
"690","Southern","Gwembe","millet",0.833333333333333
"691","Southern","Gwembe","other",1
"692","Southern","Gwembe","sorghum",0.833333333333333
"693","Southern","Gwembe","sunflower",0.5
"694","Southern","Gwembe","sweet_potato",0.666666666666667
"695","Southern","Kalomo","cotton",0.166666666666667
"696","Southern","Kalomo","groundnuts",0.833333333333333
"697","Southern","Kalomo","maize",1
"698","Southern","Kalomo","other",0.166666666666667
"699","Southern","Kalomo","pigeon_peas",0.166666666666667
"700","Southern","Kalomo","sorghum",0.333333333333333
"701","Southern","Kalomo","soya_beans",0.333333333333333
"702","Southern","Kalomo","sunflower",1
"703","Southern","Kalomo","sweet_potato",0.666666666666667
"704","Southern","Kazungula","cassava",0.166666666666667
"705","Southern","Kazungula","cotton",0.333333333333333
"706","Southern","Kazungula","groundnuts",0.833333333333333
"707","Southern","Kazungula","maize",1
"708","Southern","Kazungula","millet",0.5
"709","Southern","Kazungula","other",0.5
"710","Southern","Kazungula","sorghum",1
"711","Southern","Kazungula","sunflower",0.5
"712","Southern","Kazungula","sweet_potato",0.333333333333333
"713","Southern","Livingstone","groundnuts",1
"714","Southern","Livingstone","maize",1
"715","Southern","Livingstone","millet",0.25
"716","Southern","Livingstone","other",1
"717","Southern","Livingstone","sorghum",0.75
"718","Southern","Livingstone","sunflower",1
"719","Southern","Livingstone","sweet_potato",0.25
"720","Southern","Mazabuka","cotton",0.833333333333333
"721","Southern","Mazabuka","groundnuts",1
"722","Southern","Mazabuka","maize",1
"723","Southern","Mazabuka","soya_beans",0.5
"724","Southern","Mazabuka","sunflower",0.833333333333333
"725","Southern","Mazabuka","sweet_potato",0.5
"726","Southern","Monze","cotton",0.333333333333333
"727","Southern","Monze","groundnuts",0.833333333333333
"728","Southern","Monze","maize",1
"729","Southern","Monze","other",0.5
"730","Southern","Monze","soya_beans",0.166666666666667
"731","Southern","Monze","sunflower",1
"732","Southern","Monze","sweet_potato",1
"733","Southern","Namwala","cassava",0.166666666666667
"734","Southern","Namwala","cotton",0.666666666666667
"735","Southern","Namwala","groundnuts",1
"736","Southern","Namwala","maize",1
"737","Southern","Namwala","other",0.666666666666667
"738","Southern","Namwala","sorghum",0.333333333333333
"739","Southern","Namwala","soya_beans",0.333333333333333
"740","Southern","Namwala","sunflower",0.833333333333333
"741","Southern","Namwala","sweet_potato",0.833333333333333
"742","Southern","Pemba","cotton",1
"743","Southern","Pemba","groundnuts",1
"744","Southern","Pemba","maize",1
"745","Southern","Pemba","other",0.333333333333333
"746","Southern","Pemba","sorghum",0.333333333333333
"747","Southern","Pemba","soya_beans",1
"748","Southern","Pemba","sunflower",1
"749","Southern","Pemba","sweet_potato",1
"750","Southern","Siavonga","cassava",0.166666666666667
"751","Southern","Siavonga","cotton",0.666666666666667
"752","Southern","Siavonga","groundnuts",0.666666666666667
"753","Southern","Siavonga","maize",1
"754","Southern","Siavonga","millet",0.833333333333333
"755","Southern","Siavonga","other",1
"756","Southern","Siavonga","sorghum",1
"757","Southern","Siavonga","sunflower",0.5
"758","Southern","Siavonga","sweet_potato",0.5
"759","Southern","Sinazongwe","cotton",0.5
"760","Southern","Sinazongwe","groundnuts",0.5
"761","Southern","Sinazongwe","maize",1
"762","Southern","Sinazongwe","millet",0.666666666666667
"763","Southern","Sinazongwe","other",0.5
"764","Southern","Sinazongwe","sorghum",0.833333333333333
"765","Southern","Sinazongwe","sunflower",0.166666666666667
"766","Southern","Zimba","groundnuts",0.833333333333333
"767","Southern","Zimba","maize",1
"768","Southern","Zimba","millet",0.333333333333333
"769","Southern","Zimba","other",0.666666666666667
"770","Southern","Zimba","sorghum",1
"771","Southern","Zimba","sunflower",1
"772","Southern","Zimba","sweet_potato",0.166666666666667
"773","Western","Kalabo","cassava",0.571428571428571
"774","Western","Kalabo","groundnuts",0.285714285714286
"775","Western","Kalabo","maize",1
"776","Western","Kalabo","millet",0.714285714285714
"777","Western","Kalabo","other",0.285714285714286
"778","Western","Kalabo","sorghum",0.285714285714286
"779","Western","Kalabo","sweet_potato",0.285714285714286
"780","Western","Kaoma","cassava",1
"781","Western","Kaoma","cotton",0.166666666666667
"782","Western","Kaoma","groundnuts",0.833333333333333
"783","Western","Kaoma","maize",1
"784","Western","Kaoma","millet",0.666666666666667
"785","Western","Kaoma","other",0.833333333333333
"786","Western","Kaoma","pigeon_peas",0.166666666666667
"787","Western","Kaoma","sorghum",0.833333333333333
"788","Western","Kaoma","soya_beans",0.666666666666667
"789","Western","Kaoma","sunflower",0.166666666666667
"790","Western","Kaoma","sweet_potato",0.666666666666667
"791","Western","Limulunga","cassava",1
"792","Western","Limulunga","groundnuts",0.714285714285714
"793","Western","Limulunga","maize",1
"794","Western","Limulunga","millet",0.857142857142857
"795","Western","Limulunga","other",1
"796","Western","Limulunga","sorghum",0.571428571428571
"797","Western","Limulunga","sweet_potato",0.857142857142857
"798","Western","Limulunga","wheat",0.142857142857143
"799","Western","Luampa","cassava",1
"800","Western","Luampa","groundnuts",1
"801","Western","Luampa","maize",1
"802","Western","Luampa","millet",0.8
"803","Western","Luampa","other",0.8
"804","Western","Luampa","sorghum",0.6
"805","Western","Luampa","sweet_potato",0.6
"806","Western","Lukulu","cassava",1
"807","Western","Lukulu","groundnuts",1
"808","Western","Lukulu","maize",1
"809","Western","Lukulu","millet",0.666666666666667
"810","Western","Lukulu","other",0.833333333333333
"811","Western","Lukulu","sorghum",0.666666666666667
"812","Western","Lukulu","sunflower",0.166666666666667
"813","Western","Lukulu","sweet_potato",0.833333333333333
"814","Western","Mongu","cassava",1
"815","Western","Mongu","groundnuts",1
"816","Western","Mongu","maize",1
"817","Western","Mongu","millet",0.5
"818","Western","Mongu","other",1
"819","Western","Mongu","sorghum",0.333333333333333
"820","Western","Mongu","sweet_potato",1
"821","Western","Mulobezi","cassava",0.5
"822","Western","Mulobezi","groundnuts",1
"823","Western","Mulobezi","maize",1
"824","Western","Mulobezi","millet",0.833333333333333
"825","Western","Mulobezi","other",1
"826","Western","Mulobezi","sorghum",1
"827","Western","Mulobezi","soya_beans",0.166666666666667
"828","Western","Mulobezi","sunflower",0.5
"829","Western","Mulobezi","sweet_potato",0.5
"830","Western","Mwandi","cassava",0.166666666666667
"831","Western","Mwandi","groundnuts",1
"832","Western","Mwandi","maize",1
"833","Western","Mwandi","millet",1
"834","Western","Mwandi","other",0.5
"835","Western","Mwandi","sorghum",1
"836","Western","Mwandi","soya_beans",0.166666666666667
"837","Western","Nalolo","cassava",0.833333333333333
"838","Western","Nalolo","groundnuts",0.5
"839","Western","Nalolo","maize",1
"840","Western","Nalolo","millet",0.833333333333333
"841","Western","Nalolo","other",0.5
"842","Western","Nalolo","sorghum",0.833333333333333
"843","Western","Nalolo","sunflower",0.166666666666667
"844","Western","Nalolo","sweet_potato",0.666666666666667
"845","Western","Nkeyema","cassava",0.833333333333333
"846","Western","Nkeyema","groundnuts",1
"847","Western","Nkeyema","maize",1
"848","Western","Nkeyema","other",0.333333333333333
"849","Western","Nkeyema","sorghum",1
"850","Western","Nkeyema","soya_beans",0.5
"851","Western","Nkeyema","sunflower",0.333333333333333
"852","Western","Nkeyema","sweet_potato",0.666666666666667
"853","Western","Nkeyema","wheat",0.166666666666667
"854","Western","Senanga","cassava",0.833333333333333
"855","Western","Senanga","groundnuts",0.333333333333333
"856","Western","Senanga","maize",1
"857","Western","Senanga","millet",0.833333333333333
"858","Western","Senanga","other",0.5
"859","Western","Senanga","pigeon_peas",0.166666666666667
"860","Western","Senanga","sorghum",0.833333333333333
"861","Western","Senanga","sweet_potato",0.333333333333333
"862","Western","Sesheke","groundnuts",1
"863","Western","Sesheke","maize",1
"864","Western","Sesheke","millet",1
"865","Western","Sesheke","other",0.666666666666667
"866","Western","Sesheke","sorghum",1
"867","Western","Shangombo","cassava",0.6
"868","Western","Shangombo","groundnuts",0.8
"869","Western","Shangombo","maize",1
"870","Western","Shangombo","millet",1
"871","Western","Shangombo","other",0.2
"872","Western","Shangombo","sorghum",1
"873","Western","Shangombo","sweet_potato",0.4
"874","Western","Sikongo","cassava",1
"875","Western","Sikongo","groundnuts",0.6
"876","Western","Sikongo","maize",1
"877","Western","Sikongo","millet",1
"878","Western","Sikongo","other",0.2
"879","Western","Sikongo","sorghum",0.8
"880","Western","Sikongo","sweet_potato",1
"881","Western","Sioma","groundnuts",1
"882","Western","Sioma","maize",1
"883","Western","Sioma","millet",1
"884","Western","Sioma","sorghum",1
"885","Western","Sioma","sweet_potato",0.166666666666667
